date,brand,sentiment_score,text,url
2025-11-27 21:16:47,Toyota,0.9788,"Tacoma Versus Competition - Your Thoughts? I was hoping to get community thoughts on my new truck purchase. I'm in the market for a upper trim midsized truck and it's currently between the Taco/Ranger/Colorado, but leaning towards Ranger. I am pleasantly surprised the new Taco is being advertised on lots with substantial discounts like the Ranger. Midsized truck prices are out-of-control!

**1. Financial Overview**

* 2025 Ford Ranger Lariat (My Deal): $45,150
* 2025 Toyota Tacoma TRD Off-Road Premium (Best",https://reddit.com/r/ToyotaTacoma/comments/1p865hs/tacoma_versus_competition_your_thoughts/
2025-11-27 20:00:05,Toyota,0.9964,Get another free trial My 3 month toyota remote connect trial ended about a month ago. Noticed that a new trail was available on the app. You guys might want to double check and see if you can snag another free 3 month trail.  Worked for me idk about anyone else ,https://reddit.com/r/ToyotaTacoma/comments/1p84a35/get_another_free_trial/
2025-11-27 12:22:38,Toyota,0.9957,"If I die of heatstroke itâ€™s Toyotaâ€™s fault Itâ€™s bloody hot. Iâ€™m in my car listening to the news.  But whenever I open my door to get some air it dings at me.  It wonâ€™t stop dinging and Iâ€™m losing my mind.  So I closed the door and I am preparing to die slowly of being cooked alive.  Why on earth is there no manual override of this infuriating feature?! I 100% choose death over listening to this dinging for a single minute more.  Câ€™mon heat, put me out of my misery. ",https://reddit.com/r/Toyota/comments/1p7w1a1/if_i_die_of_heatstroke_its_toyotas_fault/
2025-11-27 06:38:28,Toyota,0.9982,Difference in part numbers Im wondering if anyone know what the difference  between these part numbers is PTR20-35110-BK #PTR56-89210-F2. They are both trd pro wheels but there is a cost difference. I went to the dealership today and the dude at the part counter was clueless. He claimed the ptr56 didn't even exist even though I showed him on the Toyota parts website. Any help would be appreciated,https://reddit.com/r/Toyota/comments/1p7pohn/difference_in_part_numbers/
2025-11-27 06:36:00,Toyota,0.9994,"Toyota said I need a new ECU 
Hi everyone,
I lost both of my key fobs at the same time, and when I went to Toyota service to get replacements, the tech told me they would need to install a new ECU. He said that after they reprogram my truck, the new key fobs wonâ€™t work unless the ECU is replaced.

This sounds a bit odd to me, and Iâ€™ve never heard of anyone needing a whole new ECU just because key fobs were lost. Has anyone gone through this before? Is this actually a thing for certain Toyota models, or am I",https://reddit.com/r/Toyota/comments/1p7pmrb/toyota_said_i_need_a_new_ecu/
2025-11-27 06:35:01,Toyota,0.9985,Part number differences Im wondering if anyone knows what the difference  between these part numbers is PTR20-35110-BK #PTR56-89210-F2. They are both trd pro wheels but there is a cost difference. I went to the dealership today and the dude at the part counter was clueless. He claimed the ptr56 didn't even exist even though I showed him on the Toyota parts website. Any help would be appreciated ,https://reddit.com/r/ToyotaTacoma/comments/1p7pm1l/part_number_differences/
2025-11-27 06:03:54,Toyota,0.9658,How rare is my truck? 2008 Toyota Tacoma 2.7 L 4 Cyl 5 spd manual 4WD matching bed cap,https://reddit.com/r/ToyotaTacoma/comments/1p7ozem/how_rare_is_my_truck/
2025-11-27 05:24:03,Toyota,0.9996,2018 Toyota camry Anyone here experienced a bad odor from the Air vent?  Like a moldy smell?  Thank god I fixed the issue with a Ac clamber that Toyota sells and it fixed the issue but anyone here knows like an actual fix to that? It was a horrible smell!,https://reddit.com/r/Toyota/comments/1p7o5h7/2018_toyota_camry/
2025-11-27 04:49:29,Toyota,0.9991,Bumper repair scam? Repair scam? I just got it back and realized this doesnt look like the same stock toyota bumper.,https://reddit.com/r/ToyotaTacoma/comments/1p7nelj/bumper_repair_scam/
2025-11-27 01:04:36,Toyota,0.9972,"Here's my new to me 2004 SR5 TRD OffRoad. 62,000 miles! I shared this in a couple of other subs last week but thought I'd share here too. Been looking for a reliable used truck for a couple months. Lots of 100k+ mile trucks in my price range (15k-20k). Test drove a few rough Frontiers. Got a Facebook ad one day from a local dealer and ended up signing for it the same night. Got them down to 11k! It was driven about 5,000 miles since 2013 according to the Carfax, had to have been garage kept most of its life",https://reddit.com/r/ToyotaTacoma/comments/1p7hxxl/heres_my_new_to_me_2004_sr5_trd_offroad_62000/
2025-11-27 00:43:19,Toyota,0.9937,My ride through the desert of Wadi Rum Jordan ðŸ‡¯ðŸ‡´ Nothing stops a Toyota I need a bench for the back of my tacoma back home! ,https://reddit.com/r/Toyota/comments/1p7he6w/my_ride_through_the_desert_of_wadi_rum_jordan/
2025-11-27 00:23:43,Toyota,0.9996,"Petrol cap not opening- Toyota aygo X My petrol cap is usually opened by a lever on the floor at the drivers seat, it hasnâ€™t been opening for several days now and Iâ€™m down to around 35 miles and been unable to get petrol. Any ideas on how to fix this??",https://reddit.com/r/Toyota/comments/1p7gvwd/petrol_cap_not_opening_toyota_aygo_x/
2025-11-26 23:21:00,Toyota,0.9993,"Grommet Drain Pipe Part number Does anyone know what the Grommet part Name for the grommet that goes in the firewall is called, I recently got the drain line for the ac replaced but they donâ€™t seem to have added the original grommet back. I also canâ€™t seem to find the exact part for a 2023 4Runner only found it for the older models or just generic Toyota ones that arenâ€™t for the 4Runner. Not sure what the exact part would be but I spent a good while searching and couldnâ€™t find anything other than sunroof on",https://reddit.com/r/4Runner/comments/1p7f7ru/grommet_drain_pipe_part_number/
2025-11-26 23:40:09,Toyota,0.9984,"Tailgate garnish? Hello everyone apologies for the terrible pic but Iâ€™m trying to replace the chrome tailgate part that I think is called the garnish? The only issue is I want it to be pearl white to match the paint of my 4R. Iâ€™ve found one I can order from Toyota but it doesnâ€™t have the buttons on it like mine does. 

So can I take the garnish to a paint shop and they canâ€™t paint over the chrome? Or is there part number or 3rd part website for a pearl white  tailgate garnish with the buttons.

Thank you!",https://reddit.com/r/4Runner/comments/1p7fqbm/tailgate_garnish/
2025-11-26 22:03:16,Toyota,0.9986,"Toyota Service Care Deals Hey all,

This is in the US. I recently had my last free oil change done at Toyota. I know the popular choice is to just do your own oil change and save money, but i honestly just dont feel like it lol. When i was having my last one done, the advisor was trying to sell me a new oil change package. If i remember correctly, it was 6 oil changes + tire rotations + road side assistance for i think $379, i could do installments or pay it in full and get it for $339 or something similar ",https://reddit.com/r/Toyota/comments/1p7d4hs/toyota_service_care_deals/
2025-11-26 21:44:28,Toyota,0.9996,Rebuilt Title Corolla 2016 Can I get my coolant flushed at a Toyota dealership? Itâ€™s a rebuilt title so idk if that changes things or bans me from dealerships.,https://reddit.com/r/Toyota/comments/1p7cm0e/rebuilt_title_corolla_2016/
2025-11-26 21:34:10,Toyota,0.996,New sale Hey I just got done ordering some OEM parts online from Toyota and want to let everyone know that they are doing a Black Friday sale. It ends Dec 2nd and I think itâ€™s only online. But i got a good deal on some floor mats and filters. ,https://reddit.com/r/Toyota/comments/1p7cc7o/new_sale/
2025-11-27 21:16:47,Toyota,0.9788,"Tacoma Versus Competition - Your Thoughts? I was hoping to get community thoughts on my new truck purchase. I'm in the market for a upper trim midsized truck and it's currently between the Taco/Ranger/Colorado, but leaning towards Ranger. I am pleasantly surprised the new Taco is being advertised on lots with substantial discounts like the Ranger. Midsized truck prices are out-of-control!

**1. Financial Overview**

* 2025 Ford Ranger Lariat (My Deal): $45,150
* 2025 Toyota Tacoma TRD Off-Road Premium (Best",https://reddit.com/r/ToyotaTacoma/comments/1p865hs/tacoma_versus_competition_your_thoughts/
2025-11-27 20:00:05,Toyota,0.9964,Get another free trial My 3 month toyota remote connect trial ended about a month ago. Noticed that a new trail was available on the app. You guys might want to double check and see if you can snag another free 3 month trail.  Worked for me idk about anyone else ,https://reddit.com/r/ToyotaTacoma/comments/1p84a35/get_another_free_trial/
2025-11-27 12:22:38,Toyota,0.9957,"If I die of heatstroke itâ€™s Toyotaâ€™s fault Itâ€™s bloody hot. Iâ€™m in my car listening to the news.  But whenever I open my door to get some air it dings at me.  It wonâ€™t stop dinging and Iâ€™m losing my mind.  So I closed the door and I am preparing to die slowly of being cooked alive.  Why on earth is there no manual override of this infuriating feature?! I 100% choose death over listening to this dinging for a single minute more.  Câ€™mon heat, put me out of my misery. ",https://reddit.com/r/Toyota/comments/1p7w1a1/if_i_die_of_heatstroke_its_toyotas_fault/
2025-11-27 06:38:28,Toyota,0.9982,Difference in part numbers Im wondering if anyone know what the difference  between these part numbers is PTR20-35110-BK #PTR56-89210-F2. They are both trd pro wheels but there is a cost difference. I went to the dealership today and the dude at the part counter was clueless. He claimed the ptr56 didn't even exist even though I showed him on the Toyota parts website. Any help would be appreciated,https://reddit.com/r/Toyota/comments/1p7pohn/difference_in_part_numbers/
2025-11-27 06:36:00,Toyota,0.9994,"Toyota said I need a new ECU 
Hi everyone,
I lost both of my key fobs at the same time, and when I went to Toyota service to get replacements, the tech told me they would need to install a new ECU. He said that after they reprogram my truck, the new key fobs wonâ€™t work unless the ECU is replaced.

This sounds a bit odd to me, and Iâ€™ve never heard of anyone needing a whole new ECU just because key fobs were lost. Has anyone gone through this before? Is this actually a thing for certain Toyota models, or am I",https://reddit.com/r/Toyota/comments/1p7pmrb/toyota_said_i_need_a_new_ecu/
2025-11-27 06:35:01,Toyota,0.9985,Part number differences Im wondering if anyone knows what the difference  between these part numbers is PTR20-35110-BK #PTR56-89210-F2. They are both trd pro wheels but there is a cost difference. I went to the dealership today and the dude at the part counter was clueless. He claimed the ptr56 didn't even exist even though I showed him on the Toyota parts website. Any help would be appreciated ,https://reddit.com/r/ToyotaTacoma/comments/1p7pm1l/part_number_differences/
2025-11-27 06:03:54,Toyota,0.9658,How rare is my truck? 2008 Toyota Tacoma 2.7 L 4 Cyl 5 spd manual 4WD matching bed cap,https://reddit.com/r/ToyotaTacoma/comments/1p7ozem/how_rare_is_my_truck/
2025-11-27 05:24:03,Toyota,0.9996,2018 Toyota camry Anyone here experienced a bad odor from the Air vent?  Like a moldy smell?  Thank god I fixed the issue with a Ac clamber that Toyota sells and it fixed the issue but anyone here knows like an actual fix to that? It was a horrible smell!,https://reddit.com/r/Toyota/comments/1p7o5h7/2018_toyota_camry/
2025-11-27 04:49:29,Toyota,0.9991,Bumper repair scam? Repair scam? I just got it back and realized this doesnt look like the same stock toyota bumper.,https://reddit.com/r/ToyotaTacoma/comments/1p7nelj/bumper_repair_scam/
2025-11-27 01:04:36,Toyota,0.9972,"Here's my new to me 2004 SR5 TRD OffRoad. 62,000 miles! I shared this in a couple of other subs last week but thought I'd share here too. Been looking for a reliable used truck for a couple months. Lots of 100k+ mile trucks in my price range (15k-20k). Test drove a few rough Frontiers. Got a Facebook ad one day from a local dealer and ended up signing for it the same night. Got them down to 11k! It was driven about 5,000 miles since 2013 according to the Carfax, had to have been garage kept most of its life",https://reddit.com/r/ToyotaTacoma/comments/1p7hxxl/heres_my_new_to_me_2004_sr5_trd_offroad_62000/
2025-11-27 00:43:19,Toyota,0.9937,My ride through the desert of Wadi Rum Jordan ðŸ‡¯ðŸ‡´ Nothing stops a Toyota I need a bench for the back of my tacoma back home! ,https://reddit.com/r/Toyota/comments/1p7he6w/my_ride_through_the_desert_of_wadi_rum_jordan/
2025-11-27 00:23:43,Toyota,0.9996,"Petrol cap not opening- Toyota aygo X My petrol cap is usually opened by a lever on the floor at the drivers seat, it hasnâ€™t been opening for several days now and Iâ€™m down to around 35 miles and been unable to get petrol. Any ideas on how to fix this??",https://reddit.com/r/Toyota/comments/1p7gvwd/petrol_cap_not_opening_toyota_aygo_x/
2025-11-26 23:21:00,Toyota,0.9993,"Grommet Drain Pipe Part number Does anyone know what the Grommet part Name for the grommet that goes in the firewall is called, I recently got the drain line for the ac replaced but they donâ€™t seem to have added the original grommet back. I also canâ€™t seem to find the exact part for a 2023 4Runner only found it for the older models or just generic Toyota ones that arenâ€™t for the 4Runner. Not sure what the exact part would be but I spent a good while searching and couldnâ€™t find anything other than sunroof on",https://reddit.com/r/4Runner/comments/1p7f7ru/grommet_drain_pipe_part_number/
2025-11-26 23:40:09,Toyota,0.9984,"Tailgate garnish? Hello everyone apologies for the terrible pic but Iâ€™m trying to replace the chrome tailgate part that I think is called the garnish? The only issue is I want it to be pearl white to match the paint of my 4R. Iâ€™ve found one I can order from Toyota but it doesnâ€™t have the buttons on it like mine does. 

So can I take the garnish to a paint shop and they canâ€™t paint over the chrome? Or is there part number or 3rd part website for a pearl white  tailgate garnish with the buttons.

Thank you!",https://reddit.com/r/4Runner/comments/1p7fqbm/tailgate_garnish/
2025-11-26 22:03:16,Toyota,0.9986,"Toyota Service Care Deals Hey all,

This is in the US. I recently had my last free oil change done at Toyota. I know the popular choice is to just do your own oil change and save money, but i honestly just dont feel like it lol. When i was having my last one done, the advisor was trying to sell me a new oil change package. If i remember correctly, it was 6 oil changes + tire rotations + road side assistance for i think $379, i could do installments or pay it in full and get it for $339 or something similar ",https://reddit.com/r/Toyota/comments/1p7d4hs/toyota_service_care_deals/
2025-11-26 21:44:28,Toyota,0.9996,Rebuilt Title Corolla 2016 Can I get my coolant flushed at a Toyota dealership? Itâ€™s a rebuilt title so idk if that changes things or bans me from dealerships.,https://reddit.com/r/Toyota/comments/1p7cm0e/rebuilt_title_corolla_2016/
2025-11-26 21:34:10,Toyota,0.996,New sale Hey I just got done ordering some OEM parts online from Toyota and want to let everyone know that they are doing a Black Friday sale. It ends Dec 2nd and I think itâ€™s only online. But i got a good deal on some floor mats and filters. ,https://reddit.com/r/Toyota/comments/1p7cc7o/new_sale/
